D,k,minpoly,degree,rho,classes,rules,code,windows,kappa_min,kappa_max,strict,name
1,1,x - 2,1,2.000000000000,1,1,3,2,0.0,0.0,1,
1,1,x - 1,1,1.000000000000,1,2,1,1,0.0,0.0,1,
1,1,x,1,0.E-38,1,1,0,0,,,,
1,2,x - 2,1,2.000000000000,1,1,15,4,0.0,0.0,1,
1,2,x^2 - x - 1,2,1.618033988749,1,2,7,3,0.098239,0.098239,1,golden
1,2,x - 1,1,1.000000000000,5,10,1,1,0.0,0.792481,1,
1,2,x,1,0.E-38,2,3,0,0,,,,
1,3,x - 2,1,2.000000000000,1,1,255,8,0.0,0.0,1,
1,3,x^3 - x^2 - x - 1,3,1.839286755214,1,2,127,7,0.056639,0.056639,1,tribonacci
1,3,x^3 - 2*x^2 + x - 1,3,1.754877666246,1,2,223,7,0.124415,0.124415,1,
1,3,x^2 - x - 1,2,1.618033988749,7,16,55,5,0.079734,0.241543,1,golden
1,3,x^3 - x^2 - 1,3,1.465571231876,5,14,23,4,0.115204,0.310191,1,supergolden
1,3,x^4 - x^3 - 1,4,1.380277569097,1,2,91,5,0.309018,0.309018,1,
1,3,x^3 - x - 1,3,1.324717957244,4,12,54,4,0.260981,0.455969,1,plastic
1,3,x^4 - x - 1,4,1.220744084605,1,2,94,5,0.486215,0.486215,1,
1,3,x - 1,1,1.000000000000,54,166,1,1,0.0,0.861654,1,
1,3,x,1,0.E-38,13,39,0,0,,,,
1,4,x - 2,1,2.000000000000,1,1,65535,16,0.0,0.0,1,
1,4,x^4 - x^3 - x^2 - x - 1,4,1.927561975482,1,2,32767,15,0.029945,0.029945,1,
1,4,x^4 - 2*x^3 + x^2 - 2*x + 1,4,1.883203505913,1,2,64511,15,0.063534,0.063534,1,
1,4,x^4 - 2*x^3 + x - 1,4,1.866760399173,2,6,57343,15,0.076186,0.076186,1,
1,4,x^3 - x^2 - x - 1,3,1.839286755214,7,16,16255,13,0.045964,0.097576,1,tribonacci
1,4,x^5 - x^4 - x^3 - x - 1,5,1.812403619268,2,6,24575,14,0.093934,0.093934,1,
1,4,x^6 - 2*x^5 + x^4 - x^3 - 1,6,1.805094251591,1,4,56319,14,0.099765,0.099765,1,
1,4,x^4 - x^3 - 2*x - 1,4,1.794309659412,1,4,31743,14,0.10841,0.10841,1,
1,4,x^6 - x^5 - x^4 - x^2 - 1,6,1.788539830990,1,2,32255,14,0.113056,0.113056,1,
1,4,x^5 - 2*x^4 + x^2 - 1,5,1.784598933368,1,4,57279,14,0.116239,0.116239,1,
1,4,x^5 - x^4 - x^3 - x^2 + 1,5,1.778479616143,1,4,28671,14,0.121194,0.121194,1,
1,4,x^7 - x^6 - x^5 - x^3 - x^2 + x + 1,7,1.761867455241,1,2,22527,13,0.108005,0.108005,1,
1,4,x^3 - 2*x^2 + x - 1,3,1.754877666246,16,54,8063,12,0.08487,0.140468,1,
1,4,x^7 - x^6 - 2*x^4 - x^3 + x + 1,7,1.746566545611,1,2,31711,13,0.120588,0.120588,1,
1,4,x^6 - x^5 - x^4 - x - 1,6,1.743700165904,1,2,55231,13,0.122958,0.122958,1,
1,4,x^5 - x^3 - 2*x^2 - 2*x - 1,5,1.734691345692,5,16,16254,12,0.101562,0.15716,1,
1,4,x^6 - 2*x^5 + x^3 - 1,6,1.730508681622,1,4,57335,14,0.160643,0.160643,1,
1,4,x^4 - x^3 - x^2 - x + 1,4,1.722083805739,6,24,12159,12,0.112085,0.167683,1,
1,4,x^6 - x^5 - x^3 - x^2 - x - 1,6,1.717830145065,1,2,63967,13,0.144523,0.144523,1,
1,4,x^4 - 2*x^3 + 2*x - 2,4,1.716672749282,2,6,56831,14,0.172224,0.172224,1,
1,4,x^6 - x^5 - x^4 - x^2 + 1,6,1.714285329142,4,12,6015,11,0.087251,0.147503,1,
1,4,x^7 - 2*x^6 + x^5 - x^4 + x^3 - x^2 - 1,7,1.713706594190,1,4,56255,13,0.14799,0.14799,1,
1,4,x^5 - x^4 - x^3 - 1,5,1.704902776041,5,16,15743,12,0.126551,0.182149,1,
1,4,x^7 - x^6 - x^5 - x^4 + x^2 + x + 1,7,1.702382732706,1,2,28663,13,0.157555,0.157555,1,
1,4,x^7 - x^6 - x^5 - x - 1,7,1.700055383113,1,4,24567,13,0.159528,0.159528,1,
1,4,x^3 - x^2 - 2,3,1.695620769559,8,28,15231,12,0.134427,0.190025,1,
1,4,x^7 - 2*x^6 + x^4 - 1,7,1.693784960735,1,4,57271,13,0.164859,0.164859,1,
1,4,x^7 - 2*x^6 + x^4 - x^3 + x^2 + 1,7,1.692996605585,1,2,60919,13,0.165531,0.165531,1,
1,4,x^6 - 2*x^5 + x^4 - x^2 - 1,6,1.688376947664,1,2,56303,13,0.169473,0.169473,1,
1,4,x^5 - x^4 - x^2 - x - 1,5,1.685137110165,6,20,21471,11,0.111992,0.172244,1,
1,4,x^7 - x^6 - x^4 - x^3 - x - 1,7,1.682024820031,1,4,31727,13,0.174911,0.174911,1,
1,4,x^5 - x^4 - x^3 - x + 1,5,1.680420070225,2,8,28159,13,0.176288,0.176288,1,
1,4,x^7 - x^6 - x^5 - x^2 + 1,7,1.677521747841,1,2,22463,12,0.149909,0.149909,1,
1,4,x^6 - 2*x^3 - 3*x^2 - 2*x - 1,6,1.676610349978,1,2,31742,13,0.179562,0.179562,1,
1,4,x^5 - 2*x^4 + x^3 - x^2 + x - 1,5,1.673648546299,11,42,8055,11,0.121861,0.182113,1,
1,4,x^4 - x^3 - x^2 + x - 2,4,1.669797978430,1,2,60863,13,0.185436,0.185436,1,
1,4,x^5 - x^3 - 2*x^2 - x - 1,5,1.666301937312,4,12,12151,11,0.128208,0.18846,1,
1,4,x^6 - x^5 - x^4 + x^3 - x^2 - x - 1,6,1.664891960345,2,6,24063,13,0.189681,0.189681,1,
1,4,x^7 - 2*x^6 + x^5 - x^3 - 1,7,1.663321071132,1,4,55807,13,0.191043,0.191043,1,
1,4,x^6 - x^5 - x^3 - x^2 - 1,6,1.660407722472,7,28,7039,11,0.13332,0.193572,1,
1,4,x^6 - 2*x^5 + 2*x^3 - 2*x^2 + x - 1,6,1.658890152077,1,4,56767,13,0.194892,0.194892,1,
1,4,x^7 - x^6 - x^5 - 1,7,1.653634586774,1,4,24503,12,0.1706,0.1706,1,
1,4,x^6 - x^5 - 2*x^3 + 1,6,1.651736555054,4,12,15199,11,0.140874,0.201126,1,
1,4,x^6 - 2*x^5 + x^4 - 2*x^2 + 2*x - 1,6,1.651060180292,1,2,63935,13,0.201717,0.201717,1,
1,4,x^6 - x^4 - x^3 - 2*x^2 - x - 1,6,1.645411573663,2,4,28599,12,0.177792,0.206661,1,
1,4,x^6 - x^5 - x^4 + x^3 - 2*x^2 + x - 1,6,1.638457063076,1,2,32191,13,0.212772,0.212772,1,
1,4,x^2 - x - 1,2,1.618033988749,193,680,1847,8,0.055758,0.257597,1,golden
1,4,x^7 - x^6 - x^4 - x^2 - 1,7,1.601347333787,1,4,23487,12,0.216954,0.216954,1,
1,4,x^7 - 3*x^6 + 4*x^5 - 4*x^4 + 3*x^3 - 2*x^2 + x - 1,7,1.599279160450,1,4,55743,12,0.218819,0.218819,1,
1,4,x^8 - x^7 - x^4 - x^3 - x^2 - x - 1,8,1.595642846993,1,4,23039,12,0.222103,0.222103,1,
1,4,x^8 - x^7 - x^5 - x^2 - x - 1,8,1.592161674686,1,4,31215,12,0.225254,0.225254,1,
1,4,x^7 - 2*x^6 + x^5 - x^2 - 1,7,1.589530584037,1,4,55791,12,0.22764,0.22764,1,
1,4,x^8 - 2*x^7 + 2*x^5 - 2*x^4 + x^3 - 1,8,1.588483049312,1,4,56759,12,0.228591,0.228591,1,
1,4,x^8 - x^7 - x^6 + x^5 - x^4 - x - 1,8,1.586043235074,1,4,24055,12,0.230809,0.230809,1,
1,4,x^7 - x^6 - x^4 - x^3 + 1,7,1.585644894988,1,2,31647,12,0.231171,0.231171,1,
1,4,x^8 - x^5 - 2*x^4 - 2*x^3 - 2*x^2 - 2*x - 1,8,1.584578647078,1,4,23550,12,0.232141,0.232141,1,
1,4,x^6 - x^5 - x^4 + x^3 - x^2 - 1,6,1.584386796759,1,4,23999,12,0.232316,0.232316,1,
1,4,x^7 - x^6 - x^5 + x^4 - x^3 - x^2 + 1,7,1.581333455019,4,12,5503,10,0.16934,0.235099,1,
1,4,x^7 - x^6 - x^3 - x^2 - x - 1,7,1.579929406145,1,4,23535,12,0.236381,0.236381,1,
1,4,x^5 - x^4 - x^3 + x^2 - 2*x + 1,5,1.579263637121,1,4,28095,12,0.236989,0.236989,1,
1,4,x^7 - 2*x^6 + x^5 - x^4 + x^3 - 1,7,1.578174860044,2,8,28155,12,0.237984,0.237984,1,
1,4,x^7 - x^6 - x^4 - x - 1,7,1.573477687756,2,8,23543,12,0.242284,0.242284,1,
1,4,x^5 - x^4 - x^2 - 1,5,1.570147312196,15,54,11639,10,0.179582,0.27421,1,
1,4,x^4 - x^2 - x - 2,4,1.566383277266,1,4,28158,12,0.248803,0.248803,1,
1,4,x^6 - x^5 - x^3 - x^2 + 1,6,1.563610695591,4,12,6014,10,0.185601,0.251359,1,
1,4,x^6 - 2*x^5 + x^4 - x^2 + x - 1,6,1.561752067720,10,38,7543,10,0.187317,0.253075,1,
1,4,x^4 - x^3 - 2*x + 1,4,1.558979877981,6,24,12127,11,0.224256,0.284508,1,
1,4,x^8 - x^7 - x^6 + x^5 - x^4 - x^2 + 1,8,1.558232083340,1,2,21951,11,0.224948,0.224948,1,
1,4,x^7 - x^5 - 2*x^4 - x^3 + x + 1,7,1.555187226376,4,12,12150,10,0.193394,0.259152,1,
1,4,x^6 - x^5 - x^2 - x - 1,6,1.551532410369,4,14,20959,10,0.196788,0.262547,1,
1,4,x^5 - x^4 - x^3 + x - 1,5,1.549906072594,6,24,15727,11,0.232677,0.292929,1,
1,4,x^5 - 2*x^2 - 2*x - 1,5,1.547979024527,6,24,15230,11,0.234472,0.294724,1,
1,4,x^6 - 2*x^5 + 2*x^3 - x^2 - 1,6,1.547330365838,2,4,56751,12,0.266459,0.295329,1,
1,4,x^7 - x^5 - 2*x^3 - x^2 - x - 1,7,1.547009387009,1,2,28087,11,0.235376,0.235376,1,
1,4,x^8 - x^7 - x^6 + x^5 - x^4 - 1,8,1.546273020899,1,4,23991,11,0.236063,0.236063,1,
1,4,x^3 - 2*x^2 + 2*x - 2,3,1.543689012692,1,2,60831,12,0.269858,0.269858,1,
1,4,x^6 - x^5 - x^3 - 1,6,1.538496592213,22,86,7031,10,0.208961,0.303589,1,
1,4,x^5 - x^3 - x^2 - x - 1,5,1.534157744914,20,72,6527,10,0.213035,0.307663,1,
1,4,x^7 - x^6 - x^4 - x^2 + 1,7,1.530993409234,5,14,14687,10,0.216014,0.281773,1,
1,4,x^5 - 2*x^4 + x^3 - 1,5,1.528946354519,18,68,24047,12,0.179943,0.312572,1,
1,4,x^5 - x^4 - x^2 - x + 1,5,1.526261952307,2,8,28127,12,0.286238,0.286238,1,
1,4,x^8 - x^6 - x^5 - 2*x^4 + x + 1,8,1.522266059581,1,2,28150,11,0.258637,0.258637,1,
1,4,x^3 - x - 2,3,1.521379706804,21,72,11900,9,0.187101,0.31973,1,
1,4,x^7 - 2*x^6 + x^5 - x^3 + x^2 - 1,7,1.520633445397,1,4,55799,12,0.291568,0.291568,1,
1,4,x^8 - 2*x^7 + x^6 - x^2 - 1,8,1.518933196878,1,2,55727,11,0.261799,0.261799,1,
1,4,x^7 - x^6 - x^4 - 1,7,1.516784253063,2,8,23479,11,0.263842,0.263842,1,
1,4,x^6 - x^3 - 2*x^2 - 2*x - 1,6,1.515192320636,4,14,21470,10,0.230981,0.29674,1,
1,4,x^4 - x^3 - x^2 + x - 1,4,1.512876396864,98,364,1335,7,0.104545,0.327816,1,
1,4,x^6 - x^5 - x^4 + x^2 - 1,6,1.501594803539,6,24,12155,11,0.278362,0.338614,1,
1,4,x^5 - x^4 - x - 1,5,1.497094048762,40,150,4447,8,0.167835,0.342945,1,
1,4,x^4 - 2*x - 2,4,1.494530180479,1,2,28638,12,0.316549,0.316549,1,
1,4,x^8 - x^7 - x^4 - x^2 - 1,8,1.494182718414,1,4,22975,11,0.285501,0.285501,1,
1,4,x^7 - 2*x^6 + 2*x^4 - x^3 - 1,7,1.493693561180,1,4,56807,12,0.317356,0.317356,1,
1,4,x^8 - x^7 - x^3 - x^2 - x - 1,8,1.490667752463,1,4,23023,11,0.288899,0.288899,1,
1,4,x^8 - 2*x^7 + x^6 - x^4 + x^3 - 1,8,1.489564376147,1,4,55735,11,0.289967,0.289967,1,
1,4,x^7 - x^4 - 2*x^3 - x^2 - x - 1,7,1.488921646045,6,24,7038,10,0.256214,0.321973,1,
1,4,x^7 - 2*x^4 - 2*x^3 - x^2 + x + 1,7,1.487081056594,4,12,15198,10,0.257999,0.323757,1,
1,4,x^8 - x^7 - 2*x^4 + x^3 - x^2 + 1,8,1.482720812011,1,2,31135,11,0.296611,0.296611,1,
1,4,x^7 - x^6 - x^4 + x^2 - x - 1,7,1.482141579615,1,4,28635,12,0.328557,0.328557,1,
1,4,x^6 - x^4 - x^3 - x - 1,6,1.480472056538,4,12,15723,10,0.264425,0.330183,1,
1,4,x^8 - x^7 - x^4 - x - 1,8,1.474812218280,1,4,23031,11,0.304327,0.304327,1,
1,4,x^3 - x^2 - 1,3,1.465571231876,526,1986,791,6,0.094778,0.400376,1,supergolden
1,4,x^7 - x^5 - x^4 - x^3 - x^2 + x + 1,7,1.452411806159,4,12,16234,10,0.292031,0.35779,1,
1,4,x^8 - 2*x^7 + 2*x^5 - x^4 - 1,8,1.451341951453,1,2,56743,11,0.32747,0.32747,1,
1,4,x^5 - x^4 - x^3 + x^2 - 1,5,1.443268791270,20,80,6519,9,0.263141,0.366901,1,
1,4,x^8 - x^7 - x^5 + x^3 - x - 1,8,1.439854685842,1,4,28123,11,0.338935,0.338935,1,
1,4,x^5 - x^4 - 2*x + 1,5,1.438416566585,1,4,28063,11,0.340376,0.340376,1,
1,4,x^8 - x^4 - 2*x^3 - 2*x^2 - 2*x - 1,8,1.437292032859,1,2,23534,11,0.341505,0.341505,1,
1,4,x^6 - x^4 - x^2 - x - 1,6,1.435128647111,2,6,24062,12,0.375061,0.375061,1,
1,4,x^8 - x^5 - x^4 - x^3 - x^2 - x - 1,8,1.431343141235,1,4,23486,11,0.347488,0.347488,1,
1,4,x^7 - x^6 - x^5 + x^4 - x^3 + x^2 - 1,7,1.430041555276,1,4,28603,12,0.380184,0.380184,1,
1,4,x^5 - x^3 - x^2 - 1,5,1.429108319838,6,24,15726,10,0.315367,0.381125,1,
1,4,x^7 - 2*x^6 + 2*x^5 - 2*x^4 + x^3 - x^2 + x - 1,7,1.427058964968,1,4,22967,10,0.317437,0.317437,1,
1,4,x^5 - x^2 - 2*x - 1,5,1.425299577684,22,84,4958,8,0.238735,0.384975,1,
1,4,x^7 - x^5 - x^4 - x^3 + 1,7,1.423078705109,4,12,11638,9,0.283466,0.355842,1,
1,4,x^6 - x^5 - x - 1,6,1.419632762822,17,64,20939,8,0.244482,0.390723,1,
1,4,x^7 - 2*x^6 + x^5 - 1,7,1.417796750806,2,8,24039,11,0.361207,0.361207,1,
1,4,x^7 - x^6 + x^5 - 2*x^4 - x^2 + 1,7,1.415974936823,1,2,31198,11,0.363062,0.363062,1,
1,4,x^2 - 2,2,1.414213562373,1,2,28094,11,0.364858,0.364858,0,
1,4,x^7 - x^4 - x^3 - x^2 - x - 1,7,1.412162551656,6,24,15214,10,0.332576,0.398334,1,
1,4,x^8 - x^5 - x^4 - x^2 - 2*x - 1,8,1.404429419550,1,4,23542,11,0.374874,0.374874,1,
1,4,x^5 - x^4 - x^2 + x - 1,5,1.403602124874,58,228,7796,8,0.260866,0.407107,1,
1,4,x^8 - x^7 - x^6 + x^5 - x^4 + x^3 - 1,8,1.402377305222,1,4,28091,11,0.376983,0.376983,1,
1,4,x^6 - x^4 - x^3 - x^2 + 1,6,1.401268367939,20,72,5756,8,0.263267,0.409507,1,
1,4,x^7 - x^5 - x^3 - x - 1,7,1.399280490395,1,2,32171,11,0.380173,0.380173,1,
1,4,x^7 - x^6 - x^2 - 1,7,1.397035275346,7,28,6511,9,0.310113,0.382489,1,
1,4,x^4 - 2*x - 1,4,1.395336994467,27,96,12126,10,0.311868,0.444496,1,
1,4,x^6 - x^5 - x^4 + x^3 - 1,6,1.393125911943,8,32,8039,10,0.352156,0.417915,1,
1,4,x^7 - x^5 - x^4 - 1,7,1.385005053546,6,24,11642,9,0.32259,0.394967,1,
1,4,x^4 - x^3 - 1,4,1.380277569097,434,1670,279,5,0.115524,0.460152,1,
1,4,x^8 - x^6 - x^4 - x - 1,8,1.372910495665,1,4,24054,11,0.40762,0.40762,1,
1,4,x^7 - x^6 - x - 1,7,1.365254706619,2,6,23527,11,0.415688,0.415688,1,
1,4,x^8 - x^6 - x^4 - x^3 - x^2 + x + 1,8,1.362107327220,1,2,22014,11,0.419018,0.419018,1,
1,4,x^6 - x^5 - x^3 + x^2 - 1,6,1.358859196702,6,24,12123,10,0.388086,0.453845,1,
1,4,x^6 - x^4 - x^2 - 1,6,1.356203065626,1,4,23998,11,0.425285,0.425285,0,
1,4,x^7 - x^6 - x^5 + x^4 - 1,7,1.354947667402,7,28,7527,9,0.354244,0.426621,1,
1,4,x^3 - x^2 + x - 2,3,1.353209964199,1,4,28126,11,0.428472,0.428472,1,
1,4,x^7 - x^4 - x^3 - x - 1,7,1.348447731212,6,24,7030,9,0.361182,0.433558,1,
1,4,x^7 - 2*x^6 + 2*x^5 - 2*x^4 + 2*x^3 - 2*x^2 + x - 1,7,1.348127748041,1,4,22959,10,0.399525,0.399525,1,
1,4,x^6 - x^5 - x^2 + x - 1,6,1.338350132242,10,38,7542,9,0.372026,0.444402,1,
1,4,x^3 - x - 1,3,1.324717957244,696,2676,1588,5,0.174797,0.519425,1,plastic
1,4,x^8 - x^6 - x^4 - x^2 + 1,8,1.312281907876,1,2,21950,10,0.438404,0.438404,0,
1,4,x^7 - x^6 - x^3 + x^2 - 1,7,1.306375272915,1,4,28571,11,0.479289,0.479289,1,
1,4,x^5 - x^4 + x^3 - 2*x^2 + x - 1,5,1.304077155402,36,144,6780,8,0.366971,0.513211,1,
1,4,x^7 - x^3 - x^2 - x - 1,7,1.296466238783,6,24,7022,9,0.417897,0.490273,1,
1,4,x^6 - x^5 - 1,6,1.285199033245,29,112,7015,9,0.339847,0.502866,1,
1,4,x^8 - x^7 - x^4 + x^3 - 1,8,1.281011165294,1,4,28059,10,0.473199,0.473199,1,
1,4,x^4 - x^2 - 1,4,1.272019649514,112,406,1334,6,0.29912,0.54912,0,
1,4,x^7 - x^4 - x^3 - x^2 + 1,7,1.265120898449,4,12,14686,9,0.453206,0.525583,1,
1,4,x^7 - x^4 - x^2 - 1,7,1.263738860810,6,24,14702,9,0.454783,0.52716,1,
1,4,x^3 - 2,3,1.259921049894,21,72,11868,8,0.416667,0.562907,0,
1,4,x^7 - x^6 - 1,7,1.255422871076,8,32,6503,8,0.421827,0.502309,1,
1,4,x^5 - x^4 + x^3 - x^2 - 1,5,1.249851588864,4,14,20958,9,0.470724,0.543101,1,
1,4,x^7 - x^4 - x - 1,7,1.245640190632,6,24,12122,9,0.475594,0.547971,1,
1,4,x^8 - x^3 - x^2 - x - 1,8,1.243347457767,1,4,23022,10,0.516253,0.516253,1,
1,4,x^5 - x^3 - 1,5,1.236505703391,12,48,6526,9,0.486212,0.558589,1,
1,4,x^8 - x^7 - 1,8,1.232054631428,1,4,22951,9,0.491415,0.491415,1,
1,4,x^4 - x - 1,4,1.220744084605,442,1712,790,5,0.292721,0.60848,1,
1,4,x^6 - x^4 - 1,6,1.210607794406,23,78,7780,7,0.426107,0.589126,0,
1,4,x^7 - x^6 + x^5 - x^4 - 1,7,1.198730937425,1,4,23030,10,0.568974,0.568974,1,
1,4,x^5 - x^2 - 1,5,1.193859111321,22,84,14666,7,0.446206,0.609225,1,
1,4,x^7 - x^5 - 1,7,1.190712707081,6,24,7526,8,0.498175,0.578657,1,
1,4,x^4 - 2,4,1.189207115002,1,2,28062,10,0.580482,0.580482,0,
1,4,x^8 - x^6 - 1,8,1.174852147760,1,2,23974,9,0.560002,0.560002,0,
1,4,x^6 - x^3 - 1,6,1.173984996705,36,144,6772,7,0.470425,0.633444,0,
1,4,x^5 - x - 1,5,1.167303978261,120,468,4446,7,0.42306,0.67306,1,
1,4,x^7 - x^4 - 1,7,1.158551893096,6,24,11610,8,0.537677,0.618159,1,
1,4,x^6 - x^2 - 1,6,1.150963925257,25,86,6764,7,0.498996,0.662015,0,
1,4,x^7 - x^3 - 1,7,1.138181861071,6,24,6518,8,0.563269,0.643751,1,
1,4,x^6 - x - 1,6,1.134724138401,17,64,20938,7,0.519497,0.682516,1,
1,4,x^8 - x^4 - 1,8,1.127838485561,1,4,22966,9,0.618921,0.618921,0,
1,4,x^5 + x^4 - x^2 - x - 1,5,1.123732821001,6,24,6510,8,0.581701,0.662183,1,
1,4,x^7 - x - 1,7,1.112775684278,6,24,7014,8,0.595837,0.676319,1,
1,4,x^8 - x^2 - 1,8,1.104872881650,1,2,22958,9,0.648601,0.648601,0,
1,4,x^8 - x - 1,8,1.096981557798,1,4,23014,9,0.658942,0.658942,1,
1,4,x - 1,1,1.000000000000,11323,44174,1,1,0.0,0.92511,1,
1,4,x,1,0.E-38,2093,8023,0,0,,,,
2,1,x - 4,1,4.000000000000,1,1,15,4,0.0,0.0,1,
2,1,x - 3,1,3.000000000000,1,4,7,3,0.0,0.0,1,
2,1,x - 2,1,2.000000000000,2,6,3,2,0.0,0.0,1,
2,1,x - 1,1,1.000000000000,1,4,1,1,0.0,0.0,1,
2,1,x,1,0.E-38,1,1,0,0,,,,
2,2,x - 4,1,4.000000000000,1,1,65535,16,0.0,0.0,1,
2,2,x^2 - 3*x - 3,2,3.791287847477,1,4,32767,15,0.030757,0.030757,1,
2,2,x^2 - 4*x + 1,2,3.732050807568,2,12,49151,15,0.053477,0.053477,1,
2,2,x^2 - 3*x - 2,2,3.561552812808,6,36,16383,14,0.071171,0.071171,1,
2,2,x^3 - 4*x^2 + 2*x - 1,3,3.511547141694,2,24,48639,14,0.091571,0.091571,1,
2,2,x^3 - 3*x^2 - 2*x + 1,3,3.490863615361,2,24,32255,14,0.100093,0.100093,1,
2,2,x^2 - 4*x + 2,2,3.414213562373,7,48,14335,13,0.078667,0.132124,1,
2,2,x^3 - 3*x^2 - x - 1,3,3.382975767906,2,24,16255,13,0.091927,0.091927,1,
2,2,x^3 - 2*x^2 - 4*x - 2,3,3.365230013414,2,12,15359,13,0.099515,0.099515,1,
2,2,x^2 - 3*x - 1,2,3.302775637731,15,192,8191,13,0.126541,0.126541,1,
2,2,x^3 - 4*x^2 + 3*x - 2,3,3.269530842081,2,24,40951,13,0.141136,0.141136,1,
2,2,x^4 - 3*x^3 - x^2 + x - 1,4,3.242616790998,2,24,32239,13,0.153061,0.153061,1,
2,2,x^2 - 2*x - 4,2,3.236067977499,2,6,13311,12,0.098239,0.098239,1,
2,2,x^4 - 4*x^3 + 3*x^2 - 2*x + 1,4,3.234022892850,3,24,48623,13,0.15689,0.15689,1,
2,2,x^3 - 3*x^2 - x + 1,3,3.214319743377,13,168,6143,12,0.107968,0.165706,1,
2,2,x^3 - 3*x^2 - 2,3,3.195823345445,2,24,8183,12,0.116294,0.116294,1,
2,2,x^3 - 4*x^2 + 2*x + 2,3,3.170086486626,2,12,38783,12,0.127959,0.127959,1,
2,2,x^3 - 2*x^2 - 3*x - 2,3,3.152757602010,3,48,14847,12,0.135867,0.135867,1,
2,2,x^3 - 4*x^2 + 3*x - 1,3,3.147899035704,7,96,38903,12,0.138092,0.195831,1,
2,2,x^4 - 2*x^3 - 4*x^2 + x + 1,4,3.140122668123,3,24,14303,12,0.14166,0.14166,1,
2,2,x^4 - 3*x^3 - x - 1,4,3.134272998422,2,24,15743,12,0.14435,0.14435,1,
2,2,x^3 - 3*x^2 - x + 2,3,3.114907541476,7,84,6015,11,0.090526,0.211031,1,
2,2,x^3 - 3*x^2 - 1,3,3.103803402735,4,48,6135,11,0.095679,0.158444,1,
2,2,x^3 - 2*x^2 - 3*x - 1,3,3.079595623491,10,144,7167,12,0.16974,0.16974,1,
2,2,x^4 - 3*x^3 - x + 1,4,3.071488446128,3,48,15863,12,0.173543,0.173543,1,
2,2,x^4 - 4*x^3 + 3*x^2 - 1,4,3.052300344613,2,24,38847,12,0.182584,0.182584,1,
2,2,x^4 - 3*x^3 - x^2 + 3*x - 1,4,3.039916598001,2,24,14319,12,0.18845,0.18845,1,
2,2,x^4 - 3*x^3 - 1,4,3.035744112294,3,48,15867,12,0.190431,0.190431,1,
2,2,x - 3,1,3.000000000000,73,840,1911,9,0.0,0.265257,1,
2,2,x^4 - 2*x^3 - 3*x^2 + 1,4,2.971483205255,6,72,6111,11,0.158533,0.221298,1,
2,2,x^4 - 3*x^3 - x^2 + 3*x + 1,4,2.956295201467,3,24,13759,11,0.165925,0.165925,1,
2,2,x^4 - 4*x^3 + 4*x^2 - 3*x + 1,4,2.949787524078,3,48,40431,12,0.23187,0.23187,1,
2,2,x^4 - 2*x^3 - 2*x^2 - 2*x - 1,4,2.947711586844,5,72,7159,11,0.17012,0.17012,1,
2,2,x^4 - 4*x^3 + 3*x^2 + 1,4,2.940392663660,3,24,38907,12,0.236472,0.236472,1,
2,2,x^3 - x^2 - 5*x - 2,3,2.935432331970,2,12,13279,11,0.176143,0.176143,1,
2,2,x^4 - 3*x^3 + x - 1,4,2.922999610168,8,120,6079,11,0.182266,0.245032,1,
2,2,x^3 - 2*x^2 - 2*x - 2,3,2.919639565839,2,24,8182,11,0.183926,0.183926,1,
2,2,x^3 - 2*x^2 - 3*x + 1,3,2.912229178484,3,48,6142,11,0.187592,0.187592,1,
2,2,x^4 - x^3 - 4*x^2 - 4*x - 1,4,2.897799878880,2,24,14815,11,0.194758,0.194758,1,
2,2,x^3 - 3*x^2 + x - 2,3,2.893289196304,3,48,7927,11,0.197005,0.197005,1,
2,2,x^4 - 2*x^3 - 2*x^2 - 2*x + 1,4,2.890053638263,3,24,14839,11,0.19862,0.19862,1,
2,2,x^3 - 3*x^2 + 1,3,2.879385241571,34,504,4991,10,0.135203,0.26672,1,
2,2,x^4 - 2*x^3 - 2*x^2 - x - 1,4,2.863130743242,2,24,5111,10,0.14337,0.14337,1,
2,2,x^3 - 3*x^2 - x + 4,3,2.860805853111,2,12,31931,11,0.213294,0.213294,1,
2,2,x^4 - 3*x^3 + x^2 - 2*x + 1,4,2.852145288503,3,48,7671,11,0.217668,0.217668,1,
2,2,x^3 - 4*x^2 + 4*x - 2,3,2.839286755214,10,132,38591,11,0.224187,0.286953,1,
2,2,x^3 - 2*x^2 - 2*x - 1,3,2.831177207208,27,408,6103,10,0.159562,0.228314,1,
2,2,x^4 - 3*x^3 + x^2 - x - 1,4,2.815776408639,3,48,15727,11,0.236183,0.236183,1,
2,2,x^3 - 2*x^2 - 3*x + 2,3,2.813606502648,11,96,6014,10,0.168543,0.237295,1,
2,2,x^4 - 3*x^3 + x^2 - 2*x + 2,4,2.807157846702,2,24,15847,11,0.240606,0.240606,1,
2,2,x^4 - 2*x^3 - 2*x^2 - 2,4,2.803989110945,2,24,15742,11,0.242235,0.242235,1,
2,2,x^3 - 4*x^2 + 3*x + 1,3,2.801937735804,3,48,38527,11,0.243291,0.243291,1,
2,2,x^4 - 2*x^3 - 2*x^2 - x + 1,4,2.797135553959,3,48,14831,11,0.245766,0.245766,1,
2,2,x^4 - 3*x^3 + 2*x - 1,4,2.788973162344,10,144,5503,10,0.18123,0.312747,1,
2,2,x^4 - 2*x^3 - 3*x^2 + 2*x + 1,4,2.774622899504,3,48,13822,11,0.257424,0.257424,1,
2,2,x^3 - 3*x^2 + x - 1,3,2.769292354238,32,456,5055,10,0.191447,0.322964,1,
2,2,x^4 - 4*x^3 + 5*x^2 - 5*x + 2,4,2.745531206259,2,24,40423,11,0.27263,0.27263,1,
2,2,x^2 - 2*x - 2,2,2.732050807568,97,1272,887,8,0.050016,0.342497,1,
2,2,x^4 - 3*x^3 + x^2 - x + 1,4,2.717607599672,3,48,5623,10,0.218627,0.218627,1,
2,2,x^4 - 4*x^3 + 4*x^2 - x - 1,4,2.710644095045,5,72,38831,11,0.29108,0.29108,1,
2,2,x^4 - 2*x^3 - x^2 - 2*x - 1,4,2.696797189103,3,48,6903,10,0.229717,0.229717,1,
2,2,x^3 - 4*x^2 + 5*x - 4,3,2.695620769559,2,12,40679,11,0.299098,0.299098,1,
2,2,x^4 - 2*x^3 - 2*x^2 + 1,4,2.691739509578,12,168,5115,10,0.232425,0.301177,1,
2,2,x^4 - 3*x^3 + 3*x - 2,4,2.687717511535,2,24,31933,11,0.303334,0.303334,1,
2,2,x^4 - 4*x^3 + 4*x^2 - 2*x + 2,4,2.683771564565,3,24,38891,11,0.305454,0.305454,1,
2,2,x^4 - 3*x^3 + x^2 - 1,4,2.678712475687,10,144,5823,10,0.239424,0.308176,1,
2,2,x^4 - 3*x^3 + 2*x + 1,4,2.665774328417,6,96,5883,10,0.246409,0.315161,1,
2,2,x^3 - 2*x^2 - x - 2,3,2.658967081916,13,192,6647,10,0.250098,0.250098,1,
2,2,x^3 - x^2 - 4*x - 1,3,2.651093408937,3,48,5118,10,0.254377,0.254377,1,
2,2,x^4 - x^3 - 3*x^2 - 3*x - 1,4,2.629658126754,5,72,6623,10,0.266089,0.266089,1,
2,2,x^2 - 3*x + 1,2,2.618033988749,149,2160,1399,8,0.111516,0.403997,1,
2,2,x^3 - x^2 - 3*x - 3,3,2.598674507881,3,48,14799,10,0.283188,0.283188,1,
2,2,x^4 - 2*x^3 - 3*x^2 + 3*x + 2,4,2.596154676008,3,24,13758,10,0.284588,0.284588,1,
2,2,x^4 - 2*x^3 - x^2 - x - 1,4,2.592052792386,9,144,4799,9,0.210867,0.286869,1,
2,2,x^4 - x^3 - 3*x^2 - 2*x - 2,4,2.579841583715,2,24,14718,10,0.293682,0.293682,1,
2,2,x^4 - 3*x^3 + x^2 + x - 2,4,2.578423104280,5,72,6077,10,0.294475,0.294475,1,
2,2,x^4 - 2*x^3 - x^2 - 2*x + 2,4,2.573271963535,3,24,14823,10,0.29736,0.29736,1,
2,2,x^4 - 2*x^3 - 2*x^2 + x + 1,4,2.568114859440,16,240,4735,9,0.224253,0.369006,1,
2,2,x^2 - x - 4,2,2.561552812808,6,36,13263,10,0.303945,0.303945,1,
2,2,x^4 - 4*x^3 + 4*x^2 - 2,4,2.553773974030,2,24,38829,10,0.308333,0.308333,1,
2,2,x^3 - 2*x^2 - x - 1,3,2.546818276884,38,600,4599,9,0.236266,0.38102,1,
2,2,x^4 - 2*x^3 - 2*x^2 + 2*x - 1,4,2.538615763549,6,96,6078,10,0.316922,0.316922,1,
2,2,x^3 - 3*x^2 + 3,3,2.532088886237,9,120,5755,9,0.244634,0.320636,1,
2,2,x^4 - x^3 - 4*x^2 + 1,4,2.523095590631,5,48,4990,9,0.249768,0.325769,1,
2,2,x^3 - 3*x^2 + 2*x - 2,3,2.521379706804,22,288,5815,9,0.250749,0.326751,1,
2,2,x^3 - x^2 - 3*x - 2,3,2.511547141694,18,264,4575,9,0.256386,0.332388,1,
2,2,x^4 - 3*x^3 + x^2 + x - 1,4,2.505068413621,20,312,5487,9,0.260112,0.404866,1,
2,2,x^4 - 2*x^3 - x^2 - x + 1,4,2.496698205162,9,144,5583,9,0.264941,0.340943,1,
2,2,x^4 - 4*x^3 + 4*x^2 - x + 1,4,2.490216120099,2,24,38525,10,0.344693,0.344693,1,
2,2,x^4 - 3*x^3 + 2*x^2 - x - 2,4,2.487532531079,2,24,15723,10,0.346249,0.346249,1,
2,2,x^3 - 2*x^2 - 3,3,2.485583997688,2,24,6839,9,0.271378,0.271378,1,
2,2,x^3 - 2*x^2 - 2*x + 2,3,2.481194304092,30,420,4415,8,0.188965,0.349929,1,
2,2,x^4 - 2*x^3 - x^2 - 1,4,2.470979379835,11,168,5095,9,0.27988,0.355881,1,
2,2,x^3 - 4*x^2 + 5*x - 3,3,2.465571231876,6,96,38575,10,0.359042,0.359042,1,
2,2,x^4 - 3*x^3 + x^2 + 2,4,2.458732532276,3,48,15783,10,0.363049,0.363049,1,
2,2,x^4 - 3*x^3 + 2*x^2 - 2*x + 1,4,2.448678056364,10,144,5607,9,0.292959,0.368961,1,
2,2,x^2 - 2*x - 1,2,2.414213562373,271,3852,375,7,0.132124,0.458163,1,
2,2,x^4 - 4*x^3 + 6*x^2 - 6*x + 2,4,2.395336994467,3,24,40167,10,0.400735,0.400735,1,
2,2,x^4 - 2*x^3 - 2*x^2 + 3*x - 1,4,2.384880801995,5,72,5502,9,0.331045,0.331045,1,
2,2,x^4 - 3*x^3 + x^2 + 2*x - 2,4,2.373132853176,8,120,6061,9,0.33817,0.414171,1,
2,2,x^4 - x^3 - 3*x^2 - x + 1,4,2.369205407092,6,96,5083,9,0.340559,0.340559,1,
2,2,x^3 - 2*x^2 - 2,3,2.359304085971,16,216,4595,8,0.261639,0.346601,1,
2,2,x^4 - 3*x^3 + 4*x - 1,4,2.355674293978,3,24,13741,9,0.348822,0.348822,1,
2,2,x^4 - x^3 - 3*x^2 - 1,4,2.352224366288,2,24,5054,9,0.350937,0.350937,1,
2,2,x^4 - 2*x^3 - x^2 + 1,4,2.348593976994,20,288,5099,9,0.268203,0.429167,1,
2,2,x^3 - x^2 - 4*x + 2,3,2.342923082777,2,12,13261,9,0.356653,0.356653,1,
2,2,x^4 - 2*x^3 - 2*x^2 + 2*x + 2,4,2.332189766475,6,72,5851,9,0.363277,0.439279,1,
2,2,x^4 - x^3 - 2*x^2 - 3*x + 1,4,2.331098345480,2,24,14791,9,0.363953,0.363953,1,
2,2,x^3 - 3*x^2 + 2*x - 1,3,2.324717957244,88,1368,1383,7,0.186622,0.51266,1,
2,2,x^4 - x^3 - 2*x^2 - 2*x - 1,4,2.316512429173,9,144,4767,8,0.288046,0.373008,1,
2,2,x^2 - x - 3,2,2.302775637731,34,460,4383,7,0.200304,0.45759,1,
2,2,x^4 - 2*x^3 - 2*x + 1,4,2.296630262886,6,96,5575,8,0.300481,0.385444,1,
2,2,x^4 - 3*x^3 + 2*x^2 - 2,4,2.293799982029,3,48,5821,9,0.387223,0.387223,1,
2,2,x^4 - 3*x^3 + x^2 + x + 1,4,2.288794992188,5,72,5867,9,0.390374,0.390374,1,
2,2,x^4 - 2*x^3 - x - 1,4,2.277452390437,9,144,5876,8,0.312579,0.397542,1,
2,2,x^4 - 4*x^3 + 5*x^2 - 2*x - 1,4,2.272019649514,3,24,38573,9,0.400987,0.400987,1,
2,2,x^3 - x^2 - 2*x - 2,3,2.269530842081,23,312,4559,8,0.317606,0.47857,1,
2,2,x^3 - 3*x^2 + 3*x - 3,3,2.259921049894,7,72,7651,9,0.40869,0.40869,1,
2,2,x^3 - 2*x^2 - x + 1,3,2.246979603717,151,2328,311,6,0.124494,0.561729,1,
2,2,x^4 - 3*x^2 - 4*x - 1,4,2.234022892850,3,24,14798,9,0.425319,0.425319,1,
2,2,x^4 - 2*x^3 - x^2 + 2*x - 2,4,2.226861548465,3,48,6076,9,0.429951,0.429951,1,
2,2,x^4 - 4*x^3 + 6*x^2 - 5*x + 1,4,2.220744084605,2,24,38567,9,0.433919,0.433919,1,
2,2,x^3 - 4*x - 2,3,2.214319743377,2,12,13262,9,0.438099,0.438099,1,
2,2,x^4 - 3*x^3 + x^2 + 3*x - 3,4,2.211959789060,2,24,13801,9,0.439637,0.439637,1,
2,2,x^3 - 2*x^2 - 1,3,2.205569430400,96,1488,371,6,0.15133,0.519813,1,
2,2,x^4 - 2*x^3 - 2*x^2 + 3*x + 1,4,2.193527085331,6,72,4973,8,0.366747,0.45171,1,
2,2,x^4 - x^3 - x^2 - 3*x - 1,4,2.183384113079,2,24,6599,8,0.373434,0.373434,1,
2,2,x^4 - x^3 - 3*x^2 + 2,4,2.182270910071,3,48,6106,9,0.459132,0.459132,1,
2,2,x^4 - 3*x^3 + 2*x^2 - 1,4,2.178724176105,14,216,5483,8,0.376516,0.461479,1,
2,2,x^3 - x^2 - 3*x + 1,3,2.170086486626,16,192,4478,8,0.382247,0.46721,1,
2,2,x^4 - 2*x^3 - x^2 + 3,4,2.166572382805,3,24,14821,9,0.469548,0.469548,1,
2,2,x^4 - 3*x^3 + 3*x^2 - 3*x + 1,4,2.153721375541,5,72,5603,8,0.393168,0.478131,1,
2,2,x^3 - x^2 - 2*x - 1,3,2.147899035704,90,1392,343,6,0.189555,0.558038,1,
2,2,x^4 - 3*x^3 + 3*x^2 - 2*x - 1,4,2.136528133011,2,24,5813,8,0.404732,0.404732,1,
2,2,x^4 - 2*x^3 - x^2 + 2*x - 1,4,2.132241882311,16,216,5037,8,0.407629,0.492591,1,
2,2,x^3 - x^2 - x - 3,3,2.130395434767,2,24,6838,8,0.408879,0.408879,1,
2,2,x^4 - 2*x^3 - x + 1,4,2.117688632824,14,216,5511,7,0.321187,0.502472,1,
2,2,x^4 - 2*x^3 - 1,4,2.106919340376,18,264,4783,8,0.328542,0.509827,1,
2,2,x^4 - x^3 - 3*x^2 + x + 1,4,2.095293985223,11,144,4699,7,0.336525,0.51781,1,
2,2,x^4 - 2*x^3 + x^2 - 2*x - 1,4,2.089219411761,3,24,6627,8,0.437036,0.437036,1,
2,2,x^4 - x^3 - 2*x^2 - x + 1,4,2.081018996624,12,192,5067,8,0.44271,0.527672,1,
2,2,x^4 - x^3 - 2*x^2 - 1,4,2.075482866283,8,120,5005,7,0.35023,0.446553,1,
2,2,x^4 - x^3 - x^2 - 2*x - 1,4,2.065994892016,10,144,4759,7,0.356841,0.453163,1,
2,2,x^4 - 3*x^2 - 2*x - 1,4,2.052300344613,2,24,5022,8,0.462758,0.462758,1,
2,2,x - 2,1,2.000000000000,688,9522,51,4,0.0,0.792481,1,
2,2,x^4 - 2*x^2 - 3*x - 1,4,1.949787524078,3,48,6606,8,0.536683,0.536683,1,
2,2,x^4 - 3*x^2 - 2*x + 1,4,1.940392663660,3,24,5082,8,0.543651,0.543651,1,
2,2,x^4 - x^3 - x^2 - x - 1,4,1.927561975482,12,192,4751,7,0.4569,0.553223,1,
2,2,x^4 - x^3 - x^2 - 2*x + 1,4,1.921289609995,3,48,5574,7,0.461602,0.461602,1,
2,2,x^4 - x^3 - 2*x^2 + x - 1,4,1.914390309659,6,96,5038,8,0.466792,0.563115,1,
2,2,x^4 - x^3 - 2*x^2 + 1,4,1.905166167754,14,216,4701,7,0.473761,0.570083,1,
2,2,x^4 - 2*x^3 + x^2 - x - 1,4,1.897179401065,5,72,4775,7,0.479821,0.479821,1,
2,2,x^4 - 2*x^3 + x^2 - 2*x + 1,4,1.883203505913,6,72,5571,7,0.490489,0.586811,1,
2,2,x^3 - 3*x - 1,3,1.879385241571,8,96,4446,7,0.493417,0.589739,1,
2,2,x^4 - 2*x^3 + x - 1,4,1.866760399173,11,168,4781,7,0.503141,0.599463,1,
2,2,x^3 - x^2 - x - 1,3,1.839286755214,121,1872,327,5,0.281818,0.705816,1,tribonacci
2,2,x^4 - 3*x^3 + 3*x^2 - x - 1,4,1.819172513396,2,24,5797,7,0.540395,0.540395,1,
2,2,x^3 - x^2 - 2*x + 1,3,1.801937735804,59,888,310,5,0.311415,0.735413,1,
2,2,x^4 - x^3 - 2*x - 1,4,1.794309659412,3,48,6343,7,0.560249,0.560249,1,
2,2,x^3 - 2*x - 2,3,1.769292354238,10,120,4558,7,0.580505,0.676828,1,
2,2,x^3 - 2*x^2 + x - 1,3,1.754877666246,63,984,355,5,0.349594,0.773592,1,
2,2,x^4 - x^2 - 3*x - 1,4,1.745531206259,2,24,6598,7,0.600011,0.600011,1,
2,2,x^2 - 3,2,1.732050807568,4,28,4382,6,0.5,0.611196,0,
2,2,x^4 - x^3 - x^2 - x + 1,4,1.722083805739,7,96,5510,6,0.508326,0.619522,1,
2,2,x^4 - 2*x^3 + 2*x - 2,4,1.716672749282,3,24,5804,7,0.624062,0.624062,1,
2,2,x^4 - 2*x^2 - x - 1,4,1.710644095045,5,72,5006,7,0.629138,0.629138,1,
2,2,x^3 - x^2 - 2,3,1.695620769559,9,96,4547,6,0.530668,0.641864,1,
2,2,x^4 - x^3 - 2*x^2 + 2*x - 1,4,1.690284494616,2,24,5036,7,0.646411,0.646411,1,
2,2,x^4 - 2*x^2 - 2*x + 1,4,1.683771564565,3,24,5066,7,0.651981,0.651981,1,
2,2,x^2 - x - 1,2,1.618033988749,588,8772,19,3,0.098239,0.966722,1,golden
2,2,x^4 - x^3 - 2*x + 1,4,1.558979877981,2,24,5570,6,0.651879,0.651879,1,
2,2,x^4 - 2*x^2 - 1,4,1.553773974030,2,24,5004,6,0.656705,0.656705,0,
2,2,x^3 - x - 2,3,1.521379706804,5,60,4550,6,0.687101,0.687101,1,
2,2,x^4 - x^3 - x^2 + x - 1,4,1.512876396864,3,48,4780,6,0.695187,0.695187,1,
2,2,x^4 - 2*x^2 - x + 1,4,1.490216120099,2,24,4700,6,0.71696,0.71696,1,
2,2,x^3 - x^2 - 1,3,1.465571231876,54,840,323,4,0.448537,0.948537,1,supergolden
2,2,x^2 - 2,2,1.414213562373,31,372,278,4,0.5,1.0,0,
2,2,x^4 - 2*x - 1,4,1.395336994467,3,24,6342,6,0.811868,0.811868,1,
2,2,x^4 - x^3 - 1,4,1.380277569097,2,24,4741,5,0.696006,0.696006,1,
2,2,x^3 - x - 1,3,1.324717957244,48,744,326,4,0.594315,1.094315,1,plastic
2,2,x^4 - x^2 - 1,4,1.272019649514,3,24,4748,5,0.813843,0.813843,0,
2,2,x^3 - 2,3,1.259921049894,2,12,4546,5,0.827631,0.827631,0,
2,2,x^4 - x - 1,4,1.220744084605,2,24,4742,5,0.873203,0.873203,1,
2,2,x - 1,1,1.000000000000,849,11580,1,1,0.0,1.660964,1,
2,2,x,1,0.E-38,53,543,0,0,,,,
