name,code,orbit,genus,gf2deg,pop,fingerprint,s,bs,C,dt,deg,dnf,cnf
bang_dim=4_code=0,0,1,iso,-1,0,0 0 0 0 0,0,0,0,0,-1,0,1
bang_dim=4_code=1,1,16,iso,4,1,1 0 0 0 0,4,4,4,4,4,1,4
bang_dim=4_code=3,3,32,axis,3,2,2 -1 0 0 0,3,3,3,3,3,1,3
bang_dim=4_code=6,6,48,comp,3,2,2 -2 0 0 0,4,4,4,4,4,2,4
bang_dim=4_code=7,7,96,comp,4,3,3 -2 0 0 0,3,3,3,4,4,2,3
bang_dim=4_code=15,15,24,axis,2,4,4 -4 1 0 0,2,2,2,2,2,1,2
bang_dim=4_code=22,22,64,comp,4,3,3 -3 0 0 0,4,4,4,4,4,3,5
bang_dim=4_code=23,23,64,comp,3,4,4 -3 0 0 0,3,3,3,4,4,3,4
bang_dim=4_code=24,24,32,comp,3,2,2 -3 1 0 0,4,4,4,4,3,2,4
bang_dim=4_code=25,25,192,comp,4,3,3 -3 1 0 0,4,4,4,4,4,2,4
bang_dim=4_code=27,27,192,comp,3,4,4 -4 1 0 0,3,3,3,3,3,2,3
bang_dim=4_code=30,30,192,comp,3,4,4 -5 1 0 0,4,4,4,4,4,3,4
bang_dim=4_code=31,31,192,comp,4,5,5 -5 1 0 0,3,3,3,4,4,2,3
bang_dim=4_code=60,60,48,comp,2,4,4 -6 2 0 0,3,3,3,3,3,2,3
bang_dim=4_code=61,61,192,comp,4,5,5 -6 2 0 0,3,3,3,4,4,3,3
bang_dim=4_code=63,63,96,comp,3,6,6 -7 2 0 0,2,2,2,3,3,2,2
bang_dim=4_code=105,105,16,comp,2,4,4 -6 3 0 0,4,4,4,4,4,4,5
bang_dim=4_code=107,107,64,comp,4,5,5 -7 3 0 0,4,4,4,4,4,4,4
bang_dim=4_code=111,111,96,comp,3,6,6 -8 3 0 0,3,3,3,4,4,3,3
bang_dim=4_code=126,126,32,comp,3,6,6 -9 3 0 0,3,3,3,4,3,3,3
bang_dim=4_code=127,127,64,comp,4,7,7 -9 3 0 0,3,3,3,4,4,3,2
bang_dim=4_code=255,255,8,axis,1,8,8 -12 6 -1 0,1,1,1,1,1,1,1
bang_dim=4_code=278,278,16,iso,3,4,4 -4 0 0 0,4,4,4,4,4,4,7
bang_dim=4_code=279,279,16,iso,4,5,5 -4 0 0 0,3,3,3,4,4,4,6
bang_dim=4_code=280,280,96,comp,4,3,3 -4 1 0 0,4,4,4,4,4,3,5
bang_dim=4_code=281,281,96,comp,3,4,4 -4 1 0 0,4,4,4,4,3,3,5
bang_dim=4_code=282,282,192,comp,3,4,4 -5 1 0 0,4,4,4,4,4,3,5
bang_dim=4_code=283,283,192,comp,4,5,5 -5 1 0 0,3,3,3,4,4,3,4
bang_dim=4_code=286,286,96,comp,4,5,5 -6 1 0 0,4,4,4,4,4,4,6
bang_dim=4_code=287,287,96,comp,3,6,6 -6 1 0 0,3,3,3,4,4,3,5
bang_dim=4_code=300,300,192,comp,3,4,4 -6 2 0 0,4,4,4,4,3,3,5
bang_dim=4_code=301,301,384,comp,4,5,5 -6 2 0 0,4,4,4,4,4,3,5
bang_dim=4_code=303,303,192,comp,3,6,6 -7 2 0 0,3,3,3,3,3,3,4
bang_dim=4_code=316,316,192,comp,4,5,5 -7 2 0 0,4,4,4,4,4,3,5
bang_dim=4_code=317,317,192,comp,3,6,6 -7 2 0 0,3,3,3,3,3,3,4
bang_dim=4_code=318,318,192,comp,3,6,6 -8 2 0 0,4,4,4,4,4,4,5
bang_dim=4_code=319,319,192,comp,4,7,7 -8 2 0 0,3,3,3,4,4,3,4
bang_dim=4_code=360,360,64,comp,3,4,4 -7 3 0 0,4,4,4,4,4,4,6
bang_dim=4_code=361,361,64,comp,4,5,5 -7 3 0 0,4,4,4,4,4,4,6
bang_dim=4_code=362,362,192,comp,4,5,5 -8 3 0 0,4,4,4,4,4,4,5
bang_dim=4_code=363,363,192,comp,3,6,6 -8 3 0 0,4,4,4,4,4,4,5
bang_dim=4_code=366,366,192,comp,3,6,6 -9 3 0 0,4,4,4,4,3,4,5
bang_dim=4_code=367,367,192,comp,4,7,7 -9 3 0 0,3,3,3,4,4,4,4
bang_dim=4_code=382,382,64,comp,4,7,7 -10 3 0 0,4,4,4,4,4,4,5
bang_dim=4_code=383,383,64,comp,3,8,8 -10 3 0 0,3,3,3,4,3,4,4
bang_dim=4_code=384,384,8,iso,3,2,2 -4 3 -1 0,4,4,4,4,4,2,4
bang_dim=4_code=385,385,64,comp,4,3,3 -4 3 -1 0,4,4,4,4,4,2,4
bang_dim=4_code=386,386,48,comp,4,3,3 -5 3 -1 0,4,4,4,4,4,3,5
bang_dim=4_code=387,387,192,comp,3,4,4 -5 3 -1 0,4,4,4,4,4,3,4
bang_dim=4_code=390,390,96,comp,3,4,4 -6 3 -1 0,4,4,4,4,4,4,6
bang_dim=4_code=391,391,192,comp,4,5,5 -6 3 -1 0,4,4,4,4,4,4,5
bang_dim=4_code=393,393,96,comp,3,4,4 -6 4 -1 0,3,3,3,3,3,2,4
bang_dim=4_code=395,395,192,comp,4,5,5 -7 4 -1 0,3,3,3,4,4,3,3
bang_dim=4_code=399,399,96,comp,3,6,6 -8 4 -1 0,3,3,3,4,4,3,4
bang_dim=4_code=406,406,64,comp,4,5,5 -7 3 -1 0,4,4,4,4,4,5,7
bang_dim=4_code=407,407,64,comp,3,6,6 -7 3 -1 0,4,4,4,4,4,5,6
bang_dim=4_code=408,408,192,comp,3,4,4 -7 4 -1 0,4,4,4,4,4,3,5
bang_dim=4_code=409,409,192,comp,4,5,5 -7 4 -1 0,3,3,3,4,4,3,4
bang_dim=4_code=410,410,384,comp,4,5,5 -8 4 -1 0,4,4,4,4,4,4,5
bang_dim=4_code=411,411,384,comp,3,6,6 -8 4 -1 0,3,3,3,4,4,4,4
bang_dim=4_code=414,414,192,comp,3,6,6 -9 4 -1 0,4,4,4,4,4,5,6
bang_dim=4_code=415,415,192,comp,4,7,7 -9 4 -1 0,3,3,3,4,4,4,5
bang_dim=4_code=424,424,96,comp,3,4,4 -8 5 -1 0,4,4,4,4,3,3,4
bang_dim=4_code=425,425,192,comp,4,5,5 -8 5 -1 0,3,3,3,4,4,3,4
bang_dim=4_code=426,426,96,comp,4,5,5 -9 5 -1 0,4,4,4,4,4,2,4
bang_dim=4_code=427,427,192,comp,3,6,6 -9 5 -1 0,3,3,3,3,3,2,3
bang_dim=4_code=428,428,384,comp,4,5,5 -9 5 -1 0,4,4,4,4,4,3,4
bang_dim=4_code=429,429,384,comp,3,6,6 -9 5 -1 0,3,3,3,3,3,3,4
bang_dim=4_code=430,430,384,comp,3,6,6 -10 5 -1 0,4,4,4,4,4,3,4
bang_dim=4_code=431,431,384,comp,4,7,7 -10 5 -1 0,3,3,3,4,4,3,3
bang_dim=4_code=444,444,192,comp,3,6,6 -10 5 -1 0,4,4,4,4,4,4,5
bang_dim=4_code=445,445,192,comp,4,7,7 -10 5 -1 0,3,3,3,4,4,4,4
bang_dim=4_code=446,446,192,comp,4,7,7 -11 5 -1 0,4,4,4,4,4,4,5
bang_dim=4_code=447,447,192,comp,3,8,8 -11 5 -1 0,3,3,3,4,4,4,4
bang_dim=4_code=488,488,64,comp,4,5,5 -10 6 -1 0,4,4,4,4,4,4,5
bang_dim=4_code=489,489,64,comp,3,6,6 -10 6 -1 0,3,3,3,4,4,4,5
bang_dim=4_code=490,490,192,comp,3,6,6 -11 6 -1 0,4,4,4,4,3,3,4
bang_dim=4_code=491,491,192,comp,4,7,7 -11 6 -1 0,3,3,3,4,4,3,4
bang_dim=4_code=494,494,192,comp,4,7,7 -12 6 -1 0,4,4,4,4,4,3,4
bang_dim=4_code=495,495,192,comp,3,8,8 -12 6 -1 0,3,3,3,3,3,3,3
bang_dim=4_code=510,510,64,comp,3,8,8 -13 6 -1 0,4,4,4,4,4,4,4
bang_dim=4_code=511,511,64,comp,4,9,9 -13 6 -1 0,3,3,3,4,4,2,3
bang_dim=4_code=828,828,32,comp,3,6,6 -9 3 0 0,3,3,3,3,3,3,4
bang_dim=4_code=829,829,64,comp,4,7,7 -9 3 0 0,4,4,4,4,4,4,4
bang_dim=4_code=831,831,32,comp,2,8,8 -10 3 0 0,2,2,2,3,3,3,3
bang_dim=4_code=854,854,48,comp,2,6,6 -8 2 0 0,4,4,4,4,4,4,5
bang_dim=4_code=855,855,48,comp,4,7,7 -8 2 0 0,2,2,2,4,4,2,4
bang_dim=4_code=856,856,192,comp,4,5,5 -8 3 0 0,4,4,4,4,4,3,5
bang_dim=4_code=857,857,192,comp,2,6,6 -8 3 0 0,4,4,4,4,4,4,5
bang_dim=4_code=858,858,384,comp,3,6,6 -9 3 0 0,3,3,3,3,3,3,4
bang_dim=4_code=859,859,384,comp,4,7,7 -9 3 0 0,3,3,3,4,4,3,4
bang_dim=4_code=862,862,192,comp,4,7,7 -10 3 0 0,4,4,4,4,4,4,4
bang_dim=4_code=863,863,192,comp,3,8,8 -10 3 0 0,2,2,2,3,3,3,3
bang_dim=4_code=872,872,192,comp,4,5,5 -9 4 0 0,4,4,4,4,4,4,6
bang_dim=4_code=873,873,192,comp,3,6,6 -9 4 0 0,4,4,4,4,4,5,6
bang_dim=4_code=874,874,192,comp,2,6,6 -10 4 0 0,4,4,4,4,4,4,5
bang_dim=4_code=875,875,192,comp,4,7,7 -10 4 0 0,4,4,4,4,4,4,5
bang_dim=4_code=876,876,384,comp,3,6,6 -10 4 0 0,4,4,4,4,4,4,5
bang_dim=4_code=877,877,384,comp,4,7,7 -10 4 0 0,4,4,4,4,4,5,5
bang_dim=4_code=878,878,384,comp,4,7,7 -11 4 0 0,3,3,3,4,4,4,4
bang_dim=4_code=879,879,384,comp,3,8,8 -11 4 0 0,3,3,3,4,4,4,4
bang_dim=4_code=892,892,192,comp,4,7,7 -11 4 0 0,3,3,3,4,4,4,4
bang_dim=4_code=893,893,192,comp,3,8,8 -11 4 0 0,4,4,4,4,4,4,4
bang_dim=4_code=894,894,192,comp,3,8,8 -12 4 0 0,4,4,4,4,3,4,4
bang_dim=4_code=895,895,192,comp,4,9,9 -12 4 0 0,3,3,3,4,4,4,3
bang_dim=4_code=960,960,16,comp,2,4,4 -8 5 -1 0,3,3,3,3,2,2,3
bang_dim=4_code=961,961,192,comp,4,5,5 -8 5 -1 0,3,3,3,4,4,3,4
bang_dim=4_code=963,963,96,comp,3,6,6 -9 5 -1 0,3,3,3,3,3,2,3
bang_dim=4_code=965,965,192,comp,3,6,6 -9 5 -1 0,3,3,3,3,3,3,3
bang_dim=4_code=966,966,192,comp,3,6,6 -10 5 -1 0,3,3,3,4,4,4,4
bang_dim=4_code=967,967,384,comp,4,7,7 -10 5 -1 0,3,3,3,4,4,3,3
bang_dim=4_code=975,975,96,comp,2,8,8 -12 6 -1 0,2,2,2,2,2,2,2
bang_dim=4_code=980,980,192,comp,3,6,6 -10 5 -1 0,3,3,3,4,4,4,5
bang_dim=4_code=981,981,192,comp,4,7,7 -10 5 -1 0,3,3,3,4,4,3,4
bang_dim=4_code=982,982,192,comp,4,7,7 -11 5 -1 0,4,4,4,4,4,5,5
bang_dim=4_code=983,983,192,comp,3,8,8 -11 5 -1 0,3,3,3,4,4,3,4
bang_dim=4_code=984,984,192,comp,3,6,6 -11 6 -1 0,3,3,3,3,3,3,4
bang_dim=4_code=985,985,384,comp,4,7,7 -11 6 -1 0,3,3,3,4,4,4,4
bang_dim=4_code=987,987,192,comp,3,8,8 -12 6 -1 0,3,3,3,3,3,3,4
bang_dim=4_code=988,988,384,comp,4,7,7 -12 6 -1 0,3,3,3,4,4,3,4
bang_dim=4_code=989,989,384,comp,3,8,8 -12 6 -1 0,3,3,3,3,3,3,3
bang_dim=4_code=990,990,384,comp,3,8,8 -13 6 -1 0,4,4,4,4,4,4,4
bang_dim=4_code=991,991,384,comp,4,9,9 -13 6 -1 0,3,3,3,4,4,3,3
bang_dim=4_code=1020,1020,96,comp,2,8,8 -14 7 -1 0,3,3,3,3,3,3,3
bang_dim=4_code=1021,1021,192,comp,4,9,9 -14 7 -1 0,4,4,4,4,4,4,3
bang_dim=4_code=1023,1023,96,comp,3,10,10 -15 7 -1 0,2,2,2,3,3,2,2
bang_dim=4_code=1632,1632,12,comp,2,4,4 -8 4 0 0,4,4,4,4,4,4,4
bang_dim=4_code=1633,1633,48,comp,4,5,5 -8 4 0 0,4,4,4,4,4,5,6
bang_dim=4_code=1634,1634,96,comp,4,5,5 -9 4 0 0,4,4,4,4,4,4,4
bang_dim=4_code=1635,1635,192,comp,3,6,6 -9 4 0 0,4,4,4,4,4,5,5
bang_dim=4_code=1638,1638,48,comp,3,6,6 -10 4 0 0,3,3,3,4,4,4,3
bang_dim=4_code=1639,1639,96,comp,4,7,7 -10 4 0 0,3,3,3,4,4,5,4
bang_dim=4_code=1641,1641,48,comp,3,6,6 -10 5 0 0,4,4,4,4,4,6,7
bang_dim=4_code=1643,1643,96,comp,4,7,7 -11 5 0 0,4,4,4,4,4,6,6
bang_dim=4_code=1647,1647,48,comp,2,8,8 -12 5 0 0,3,3,3,4,4,5,5
bang_dim=4_code=1650,1650,192,comp,3,6,6 -10 4 0 0,4,4,4,4,4,4,4
bang_dim=4_code=1651,1651,192,comp,4,7,7 -10 4 0 0,4,4,4,4,4,4,4
bang_dim=4_code=1654,1654,192,comp,4,7,7 -11 4 0 0,3,3,3,4,4,4,3
bang_dim=4_code=1655,1655,192,comp,3,8,8 -11 4 0 0,3,3,3,4,4,4,3
bang_dim=4_code=1656,1656,192,comp,3,6,6 -11 5 0 0,4,4,4,4,4,5,6
bang_dim=4_code=1657,1657,192,comp,4,7,7 -11 5 0 0,4,4,4,4,4,6,6
bang_dim=4_code=1658,1658,384,comp,4,7,7 -12 5 0 0,4,4,4,4,4,5,5
bang_dim=4_code=1659,1659,384,comp,3,8,8 -12 5 0 0,4,4,4,4,4,5,5
bang_dim=4_code=1662,1662,192,comp,3,8,8 -13 5 0 0,3,3,3,4,4,5,4
bang_dim=4_code=1663,1663,192,comp,4,9,9 -13 5 0 0,3,3,3,4,4,5,4
bang_dim=4_code=1680,1680,24,comp,2,4,4 -8 5 -1 0,4,4,4,4,3,4,5
bang_dim=4_code=1681,1681,192,comp,4,5,5 -8 5 -1 0,4,4,4,4,4,4,5
bang_dim=4_code=1683,1683,192,comp,3,6,6 -9 5 -1 0,4,4,4,4,3,4,5
bang_dim=4_code=1686,1686,96,comp,3,6,6 -10 5 -1 0,4,4,4,4,4,4,5
bang_dim=4_code=1687,1687,192,comp,4,7,7 -10 5 -1 0,4,4,4,4,4,4,5
bang_dim=4_code=1695,1695,48,comp,2,8,8 -12 6 -1 0,3,3,3,3,3,4,4
bang_dim=4_code=1712,1712,96,comp,4,5,5 -10 6 -1 0,4,4,4,4,4,4,5
bang_dim=4_code=1713,1713,384,comp,3,6,6 -10 6 -1 0,4,4,4,4,4,4,5
bang_dim=4_code=1714,1714,192,comp,3,6,6 -11 6 -1 0,4,4,4,4,3,4,4
bang_dim=4_code=1715,1715,384,comp,4,7,7 -11 6 -1 0,4,4,4,4,4,4,4
bang_dim=4_code=1716,1716,192,comp,3,6,6 -11 6 -1 0,4,4,4,4,3,4,5
bang_dim=4_code=1717,1717,384,comp,4,7,7 -11 6 -1 0,4,4,4,4,4,4,5
bang_dim=4_code=1718,1718,192,comp,4,7,7 -12 6 -1 0,3,3,3,4,4,4,4
bang_dim=4_code=1719,1719,384,comp,3,8,8 -12 6 -1 0,3,3,3,3,3,4,4
bang_dim=4_code=1721,1721,192,comp,4,7,7 -12 7 -1 0,4,4,4,4,4,5,5
bang_dim=4_code=1723,1723,192,comp,3,8,8 -13 7 -1 0,4,4,4,4,4,4,4
bang_dim=4_code=1725,1725,192,comp,3,8,8 -13 7 -1 0,4,4,4,4,4,5,5
bang_dim=4_code=1727,1727,192,comp,4,9,9 -14 7 -1 0,3,3,3,4,4,4,4
bang_dim=4_code=1776,1776,48,comp,3,6,6 -12 7 -1 0,4,4,4,4,4,3,4
bang_dim=4_code=1777,1777,192,comp,4,7,7 -12 7 -1 0,4,4,4,4,4,4,5
bang_dim=4_code=1778,1778,192,comp,4,7,7 -13 7 -1 0,4,4,4,4,4,3,4
bang_dim=4_code=1779,1779,384,comp,3,8,8 -13 7 -1 0,4,4,4,4,4,4,4
bang_dim=4_code=1782,1782,96,comp,2,8,8 -14 7 -1 0,3,3,3,3,3,3,3
bang_dim=4_code=1783,1783,192,comp,4,9,9 -14 7 -1 0,3,3,3,4,4,4,3
bang_dim=4_code=1785,1785,96,comp,2,8,8 -14 8 -1 0,4,4,4,4,4,5,5
bang_dim=4_code=1787,1787,192,comp,4,9,9 -15 8 -1 0,4,4,4,4,4,5,4
bang_dim=4_code=1791,1791,96,comp,3,10,10 -16 8 -1 0,3,3,3,4,4,3,3
bang_dim=4_code=1910,1910,48,comp,3,8,8 -12 4 0 0,4,4,4,4,3,4,3
bang_dim=4_code=1911,1911,48,comp,4,9,9 -12 4 0 0,2,2,2,4,4,4,2
bang_dim=4_code=1912,1912,96,comp,4,7,7 -12 5 0 0,4,4,4,4,4,5,5
bang_dim=4_code=1913,1913,96,comp,3,8,8 -12 5 0 0,4,4,4,4,4,6,5
bang_dim=4_code=1914,1914,192,comp,3,8,8 -13 5 0 0,3,3,3,4,4,5,4
bang_dim=4_code=1915,1915,192,comp,4,9,9 -13 5 0 0,4,4,4,4,4,5,4
bang_dim=4_code=1918,1918,96,comp,4,9,9 -14 5 0 0,4,4,4,4,4,5,4
bang_dim=4_code=1919,1919,96,comp,3,10,10 -14 5 0 0,3,3,3,4,4,5,3
bang_dim=4_code=1968,1968,96,comp,3,6,6 -11 6 -1 0,3,3,3,4,3,4,4
bang_dim=4_code=1969,1969,384,comp,4,7,7 -11 6 -1 0,3,3,3,4,4,4,4
bang_dim=4_code=1971,1971,192,comp,3,8,8 -12 6 -1 0,3,3,3,3,3,4,3
bang_dim=4_code=1972,1972,384,comp,4,7,7 -12 6 -1 0,3,3,3,4,4,4,4
bang_dim=4_code=1973,1973,384,comp,3,8,8 -12 6 -1 0,3,3,3,4,3,4,4
bang_dim=4_code=1974,1974,384,comp,3,8,8 -13 6 -1 0,4,4,4,4,4,5,4
bang_dim=4_code=1975,1975,384,comp,4,9,9 -13 6 -1 0,3,3,3,4,4,4,3
bang_dim=4_code=1980,1980,192,comp,3,8,8 -14 7 -1 0,3,3,3,3,3,4,4
bang_dim=4_code=1981,1981,384,comp,4,9,9 -14 7 -1 0,4,4,4,4,4,4,4
bang_dim=4_code=1983,1983,192,comp,3,10,10 -15 7 -1 0,3,3,3,3,3,4,3
bang_dim=4_code=2016,2016,48,comp,3,6,6 -12 7 -1 0,3,3,3,4,4,4,4
bang_dim=4_code=2017,2017,192,comp,4,7,7 -12 7 -1 0,3,3,3,4,4,5,5
bang_dim=4_code=2018,2018,192,comp,4,7,7 -13 7 -1 0,3,3,3,4,4,4,4
bang_dim=4_code=2019,2019,384,comp,3,8,8 -13 7 -1 0,3,3,3,4,4,4,4
bang_dim=4_code=2022,2022,96,comp,3,8,8 -14 7 -1 0,3,3,3,3,3,4,3
bang_dim=4_code=2023,2023,192,comp,4,9,9 -14 7 -1 0,3,3,3,4,4,4,3
bang_dim=4_code=2025,2025,96,comp,3,8,8 -14 8 -1 0,4,4,4,4,4,6,5
bang_dim=4_code=2027,2027,192,comp,4,9,9 -15 8 -1 0,4,4,4,4,4,4,4
bang_dim=4_code=2031,2031,96,comp,3,10,10 -16 8 -1 0,3,3,3,4,4,4,3
bang_dim=4_code=2032,2032,96,comp,4,7,7 -13 7 -1 0,3,3,3,4,4,3,3
bang_dim=4_code=2033,2033,192,comp,3,8,8 -13 7 -1 0,3,3,3,4,4,4,4
bang_dim=4_code=2034,2034,384,comp,3,8,8 -14 7 -1 0,3,3,3,3,3,3,3
bang_dim=4_code=2035,2035,384,comp,4,9,9 -14 7 -1 0,3,3,3,4,4,3,3
bang_dim=4_code=2038,2038,192,comp,4,9,9 -15 7 -1 0,4,4,4,4,4,4,3
bang_dim=4_code=2039,2039,192,comp,3,10,10 -15 7 -1 0,3,3,3,3,3,3,2
bang_dim=4_code=2040,2040,192,comp,3,8,8 -15 8 -1 0,3,3,3,4,4,4,4
bang_dim=4_code=2041,2041,192,comp,4,9,9 -15 8 -1 0,4,4,4,4,4,5,4
bang_dim=4_code=2042,2042,384,comp,4,9,9 -16 8 -1 0,3,3,3,4,4,4,3
bang_dim=4_code=2043,2043,384,comp,3,10,10 -16 8 -1 0,4,4,4,4,4,4,3
bang_dim=4_code=2046,2046,192,comp,3,10,10 -17 8 -1 0,4,4,4,4,3,4,3
bang_dim=4_code=2047,2047,192,comp,4,11,11 -17 8 -1 0,3,3,3,4,4,3,2
bang_dim=4_code=4080,4080,12,comp,1,8,8 -16 10 -2 0,2,2,2,2,2,2,2
bang_dim=4_code=4081,4081,96,comp,4,9,9 -16 10 -2 0,3,3,3,4,4,3,3
bang_dim=4_code=4083,4083,96,comp,3,10,10 -17 10 -2 0,3,3,3,3,3,3,2
bang_dim=4_code=4086,4086,48,comp,3,10,10 -18 10 -2 0,4,4,4,4,4,4,3
bang_dim=4_code=4087,4087,96,comp,4,11,11 -18 10 -2 0,4,4,4,4,4,4,2
bang_dim=4_code=4095,4095,24,comp,2,12,12 -20 11 -2 0,2,2,2,2,2,2,1
bang_dim=4_code=5736,5736,8,iso,3,6,6 -12 6 0 0,4,4,4,4,4,6,8
bang_dim=4_code=5737,5737,16,iso,4,7,7 -12 6 0 0,4,4,4,4,4,7,8
bang_dim=4_code=5738,5738,64,comp,4,7,7 -13 6 0 0,4,4,4,4,4,6,7
bang_dim=4_code=5739,5739,64,comp,3,8,8 -13 6 0 0,4,4,4,4,4,7,7
bang_dim=4_code=5742,5742,96,comp,3,8,8 -14 6 0 0,4,4,4,4,4,6,6
bang_dim=4_code=5743,5743,96,comp,4,9,9 -14 6 0 0,4,4,4,4,4,6,6
bang_dim=4_code=5758,5758,64,comp,4,9,9 -15 6 0 0,3,3,3,4,4,6,5
bang_dim=4_code=5759,5759,64,comp,3,10,10 -15 6 0 0,4,4,4,4,4,6,5
bang_dim=4_code=5761,5761,16,iso,4,5,5 -9 6 -1 0,4,4,4,4,4,5,7
bang_dim=4_code=5763,5763,96,comp,3,6,6 -10 6 -1 0,4,4,4,4,4,5,6
bang_dim=4_code=5766,5766,96,comp,3,6,6 -11 6 -1 0,4,4,4,4,3,4,5
bang_dim=4_code=5767,5767,192,comp,4,7,7 -11 6 -1 0,4,4,4,4,4,5,5
bang_dim=4_code=5769,5769,64,comp,3,6,6 -11 7 -1 0,4,4,4,4,4,5,7
bang_dim=4_code=5771,5771,192,comp,4,7,7 -12 7 -1 0,4,4,4,4,4,5,6
bang_dim=4_code=5774,5774,192,comp,4,7,7 -13 7 -1 0,4,4,4,4,4,4,5
bang_dim=4_code=5775,5775,192,comp,3,8,8 -13 7 -1 0,4,4,4,4,4,5,5
bang_dim=4_code=5782,5782,64,comp,4,7,7 -12 6 -1 0,4,4,4,4,4,4,5
bang_dim=4_code=5783,5783,64,comp,3,8,8 -12 6 -1 0,4,4,4,4,3,5,5
bang_dim=4_code=5784,5784,96,comp,3,6,6 -12 7 -1 0,4,4,4,4,4,4,6
bang_dim=4_code=5785,5785,192,comp,4,7,7 -12 7 -1 0,4,4,4,4,4,5,6
bang_dim=4_code=5786,5786,384,comp,4,7,7 -13 7 -1 0,4,4,4,4,4,4,5
bang_dim=4_code=5787,5787,384,comp,3,8,8 -13 7 -1 0,4,4,4,4,4,5,5
bang_dim=4_code=5790,5790,192,comp,3,8,8 -14 7 -1 0,3,3,3,3,3,4,4
bang_dim=4_code=5791,5791,192,comp,4,9,9 -14 7 -1 0,4,4,4,4,4,5,4
bang_dim=4_code=5801,5801,96,comp,4,7,7 -13 8 -1 0,4,4,4,4,4,6,7
bang_dim=4_code=5803,5803,96,comp,3,8,8 -14 8 -1 0,4,4,4,4,4,5,6
bang_dim=4_code=5804,5804,192,comp,4,7,7 -14 8 -1 0,4,4,4,4,4,5,6
bang_dim=4_code=5805,5805,384,comp,3,8,8 -14 8 -1 0,4,4,4,4,4,6,6
bang_dim=4_code=5806,5806,384,comp,3,8,8 -15 8 -1 0,4,4,4,4,4,4,5
bang_dim=4_code=5807,5807,384,comp,4,9,9 -15 8 -1 0,4,4,4,4,4,5,5
bang_dim=4_code=5820,5820,192,comp,3,8,8 -15 8 -1 0,4,4,4,4,4,5,5
bang_dim=4_code=5821,5821,192,comp,4,9,9 -15 8 -1 0,4,4,4,4,4,6,5
bang_dim=4_code=5822,5822,192,comp,4,9,9 -16 8 -1 0,3,3,3,4,4,4,4
bang_dim=4_code=5823,5823,192,comp,3,10,10 -16 8 -1 0,4,4,4,4,4,5,4
bang_dim=4_code=5865,5865,64,comp,3,8,8 -15 9 -1 0,4,4,4,4,4,7,7
bang_dim=4_code=5866,5866,96,comp,3,8,8 -16 9 -1 0,4,4,4,4,4,5,6
bang_dim=4_code=5867,5867,192,comp,4,9,9 -16 9 -1 0,4,4,4,4,4,6,6
bang_dim=4_code=5870,5870,192,comp,4,9,9 -17 9 -1 0,4,4,4,4,4,5,5
bang_dim=4_code=5871,5871,192,comp,3,10,10 -17 9 -1 0,4,4,4,4,4,6,5
bang_dim=4_code=5886,5886,64,comp,3,10,10 -18 9 -1 0,3,3,3,4,4,5,4
bang_dim=4_code=5887,5887,64,comp,4,11,11 -18 9 -1 0,4,4,4,4,4,4,4
bang_dim=4_code=6014,6014,16,iso,2,10,10 -16 6 0 0,4,4,4,4,4,6,5
bang_dim=4_code=6015,6015,16,iso,4,11,11 -16 6 0 0,3,3,3,4,4,6,4
bang_dim=4_code=6017,6017,16,iso,2,6,6 -10 6 -1 0,4,4,4,4,4,5,6
bang_dim=4_code=6019,6019,96,comp,4,7,7 -11 6 -1 0,4,4,4,4,4,4,5
bang_dim=4_code=6023,6023,192,comp,3,8,8 -12 6 -1 0,4,4,4,4,3,4,4
bang_dim=4_code=6025,6025,64,comp,4,7,7 -12 7 -1 0,3,3,3,4,4,5,6
bang_dim=4_code=6027,6027,192,comp,3,8,8 -13 7 -1 0,3,3,3,4,4,4,5
bang_dim=4_code=6030,6030,96,comp,2,8,8 -14 7 -1 0,3,3,3,3,3,4,4
bang_dim=4_code=6031,6031,192,comp,4,9,9 -14 7 -1 0,3,3,3,4,4,4,4
bang_dim=4_code=6038,6038,64,comp,3,8,8 -13 6 -1 0,4,4,4,4,4,5,5
bang_dim=4_code=6039,6039,64,comp,4,9,9 -13 6 -1 0,4,4,4,4,4,4,4
bang_dim=4_code=6040,6040,192,comp,4,7,7 -13 7 -1 0,3,3,3,4,4,4,5
bang_dim=4_code=6041,6041,192,comp,3,8,8 -13 7 -1 0,3,3,3,4,4,4,5
bang_dim=4_code=6042,6042,384,comp,3,8,8 -14 7 -1 0,3,3,3,3,3,4,4
bang_dim=4_code=6043,6043,384,comp,4,9,9 -14 7 -1 0,3,3,3,4,4,4,4
bang_dim=4_code=6046,6046,192,comp,4,9,9 -15 7 -1 0,4,4,4,4,4,5,4
bang_dim=4_code=6047,6047,192,comp,3,10,10 -15 7 -1 0,3,3,3,3,3,4,3
bang_dim=4_code=6057,6057,96,comp,3,8,8 -14 8 -1 0,4,4,4,4,4,6,6
bang_dim=4_code=6059,6059,96,comp,4,9,9 -15 8 -1 0,3,3,3,4,4,4,5
bang_dim=4_code=6060,6060,384,comp,3,8,8 -15 8 -1 0,3,3,3,4,4,5,5
bang_dim=4_code=6061,6061,384,comp,4,9,9 -15 8 -1 0,4,4,4,4,4,5,5
bang_dim=4_code=6062,6062,384,comp,4,9,9 -16 8 -1 0,3,3,3,4,4,4,4
bang_dim=4_code=6063,6063,384,comp,3,10,10 -16 8 -1 0,3,3,3,4,4,4,4
bang_dim=4_code=6076,6076,192,comp,4,9,9 -16 8 -1 0,3,3,3,4,4,5,4
bang_dim=4_code=6077,6077,192,comp,2,10,10 -16 8 -1 0,4,4,4,4,4,5,4
bang_dim=4_code=6078,6078,192,comp,3,10,10 -17 8 -1 0,4,4,4,4,3,4,4
bang_dim=4_code=6079,6079,192,comp,4,11,11 -17 8 -1 0,3,3,3,4,4,4,3
bang_dim=4_code=6120,6120,32,comp,2,8,8 -16 9 -1 0,3,3,3,4,4,6,6
bang_dim=4_code=6121,6121,64,comp,4,9,9 -16 9 -1 0,4,4,4,4,4,7,6
bang_dim=4_code=6122,6122,192,comp,4,9,9 -17 9 -1 0,3,3,3,4,4,5,5
bang_dim=4_code=6123,6123,192,comp,3,10,10 -17 9 -1 0,4,4,4,4,4,5,5
bang_dim=4_code=6126,6126,192,comp,3,10,10 -18 9 -1 0,3,3,3,4,4,5,4
bang_dim=4_code=6127,6127,192,comp,4,11,11 -18 9 -1 0,4,4,4,4,4,5,4
bang_dim=4_code=6142,6142,64,comp,4,11,11 -19 9 -1 0,4,4,4,4,4,5,4
bang_dim=4_code=6143,6143,64,comp,3,12,12 -19 9 -1 0,3,3,3,4,4,4,3
bang_dim=4_code=6375,6375,32,comp,2,8,8 -14 9 -2 0,4,4,4,4,3,5,5
bang_dim=4_code=6383,6383,64,comp,4,9,9 -16 10 -2 0,4,4,4,4,4,5,4
bang_dim=4_code=6399,6399,32,comp,3,10,10 -17 10 -2 0,3,3,3,4,3,3,3
bang_dim=4_code=6625,6625,48,comp,4,7,7 -13 9 -2 0,4,4,4,4,4,5,5
bang_dim=4_code=6627,6627,192,comp,3,8,8 -14 9 -2 0,4,4,4,4,3,5,5
bang_dim=4_code=6630,6630,192,comp,3,8,8 -15 9 -2 0,4,4,4,4,4,5,5
bang_dim=4_code=6631,6631,192,comp,4,9,9 -15 9 -2 0,4,4,4,4,4,5,5
bang_dim=4_code=6633,6633,192,comp,3,8,8 -15 10 -2 0,4,4,4,4,4,5,5
bang_dim=4_code=6634,6634,192,comp,3,8,8 -16 10 -2 0,3,3,3,3,3,4,4
bang_dim=4_code=6635,6635,384,comp,4,9,9 -16 10 -2 0,4,4,4,4,4,5,4
bang_dim=4_code=6638,6638,192,comp,4,9,9 -17 10 -2 0,3,3,3,4,4,4,4
bang_dim=4_code=6639,6639,192,comp,3,10,10 -17 10 -2 0,4,4,4,4,3,5,4
bang_dim=4_code=6641,6641,48,comp,3,8,8 -14 9 -2 0,4,4,4,4,3,3,4
bang_dim=4_code=6643,6643,192,comp,4,9,9 -15 9 -2 0,4,4,4,4,4,4,4
bang_dim=4_code=6646,6646,192,comp,4,9,9 -16 9 -2 0,4,4,4,4,4,5,5
bang_dim=4_code=6647,6647,192,comp,3,10,10 -16 9 -2 0,4,4,4,4,4,5,4
bang_dim=4_code=6648,6648,96,comp,3,8,8 -16 10 -2 0,3,3,3,3,3,3,4
bang_dim=4_code=6649,6649,192,comp,4,9,9 -16 10 -2 0,3,3,3,4,4,3,4
bang_dim=4_code=6650,6650,384,comp,4,9,9 -17 10 -2 0,3,3,3,4,4,4,4
bang_dim=4_code=6651,6651,384,comp,3,10,10 -17 10 -2 0,3,3,3,3,3,4,3
bang_dim=4_code=6654,6654,192,comp,3,10,10 -18 10 -2 0,4,4,4,4,4,5,4
bang_dim=4_code=6655,6655,192,comp,4,11,11 -18 10 -2 0,3,3,3,4,4,3,3
bang_dim=4_code=7126,7126,192,comp,4,9,9 -16 9 -2 0,4,4,4,4,4,6,5
bang_dim=4_code=7127,7127,192,comp,2,10,10 -16 9 -2 0,4,4,4,4,4,5,4
bang_dim=4_code=7128,7128,24,comp,2,8,8 -16 10 -2 0,2,3,3,3,2,4,4
bang_dim=4_code=7129,7129,192,comp,4,9,9 -16 10 -2 0,3,3,3,4,4,4,4
bang_dim=4_code=7131,7131,192,comp,3,10,10 -17 10 -2 0,3,3,3,3,3,3,3
bang_dim=4_code=7134,7134,192,comp,3,10,10 -18 10 -2 0,4,4,4,4,4,4,4
bang_dim=4_code=7135,7135,192,comp,4,11,11 -18 10 -2 0,3,3,3,4,4,3,3
bang_dim=4_code=7140,7140,96,comp,2,8,8 -16 10 -2 0,3,3,3,3,3,4,4
bang_dim=4_code=7141,7141,384,comp,4,9,9 -16 10 -2 0,4,4,4,4,4,5,4
bang_dim=4_code=7143,7143,192,comp,3,10,10 -17 10 -2 0,4,4,4,4,3,5,4
bang_dim=4_code=7148,7148,384,comp,4,9,9 -18 11 -2 0,3,3,3,4,4,4,4
bang_dim=4_code=7149,7149,384,comp,3,10,10 -18 11 -2 0,4,4,4,4,4,5,4
bang_dim=4_code=7150,7150,384,comp,3,10,10 -19 11 -2 0,3,3,3,3,3,4,3
bang_dim=4_code=7151,7151,384,comp,4,11,11 -19 11 -2 0,4,4,4,4,4,5,3
bang_dim=4_code=7164,7164,192,comp,3,10,10 -19 11 -2 0,3,3,3,3,3,4,3
bang_dim=4_code=7165,7165,384,comp,4,11,11 -19 11 -2 0,4,4,4,4,4,4,3
bang_dim=4_code=7167,7167,192,comp,3,12,12 -20 11 -2 0,3,3,3,3,3,3,2
bang_dim=4_code=7905,7905,48,comp,2,8,8 -16 11 -2 0,4,4,4,4,4,6,6
bang_dim=4_code=7907,7907,192,comp,4,9,9 -17 11 -2 0,4,4,4,4,4,6,5
bang_dim=4_code=7910,7910,48,comp,4,9,9 -18 11 -2 0,4,4,4,4,4,5,5
bang_dim=4_code=7911,7911,96,comp,3,10,10 -18 11 -2 0,4,4,4,4,4,6,5
bang_dim=4_code=7913,7913,96,comp,4,9,9 -18 12 -2 0,4,4,4,4,4,7,6
bang_dim=4_code=7915,7915,192,comp,3,10,10 -19 12 -2 0,4,4,4,4,4,6,5
bang_dim=4_code=7918,7918,48,comp,2,10,10 -20 12 -2 0,4,4,4,4,4,5,4
bang_dim=4_code=7919,7919,96,comp,4,11,11 -20 12 -2 0,4,4,4,4,4,6,4
bang_dim=4_code=7921,7921,96,comp,4,9,9 -17 11 -2 0,4,4,4,4,4,5,5
bang_dim=4_code=7923,7923,384,comp,3,10,10 -18 11 -2 0,4,4,4,4,4,5,4
bang_dim=4_code=7926,7926,192,comp,3,10,10 -19 11 -2 0,4,4,4,4,3,5,4
bang_dim=4_code=7927,7927,192,comp,4,11,11 -19 11 -2 0,4,4,4,4,4,5,4
bang_dim=4_code=7929,7929,192,comp,3,10,10 -19 12 -2 0,4,4,4,4,4,6,5
bang_dim=4_code=7930,7930,192,comp,3,10,10 -20 12 -2 0,3,3,3,4,4,4,4
bang_dim=4_code=7931,7931,384,comp,4,11,11 -20 12 -2 0,4,4,4,4,4,5,4
bang_dim=4_code=7934,7934,192,comp,4,11,11 -21 12 -2 0,3,3,3,4,4,4,3
bang_dim=4_code=7935,7935,192,comp,3,12,12 -21 12 -2 0,4,4,4,4,4,4,3
bang_dim=4_code=8177,8177,48,comp,3,10,10 -18 11 -2 0,3,3,3,4,4,3,4
bang_dim=4_code=8178,8178,96,comp,3,10,10 -19 11 -2 0,3,3,3,4,3,4,4
bang_dim=4_code=8179,8179,192,comp,4,11,11 -19 11 -2 0,3,3,3,4,4,4,3
bang_dim=4_code=8182,8182,96,comp,4,11,11 -20 11 -2 0,4,4,4,4,4,5,4
bang_dim=4_code=8183,8183,96,comp,3,12,12 -20 11 -2 0,4,4,4,4,3,5,3
bang_dim=4_code=8184,8184,48,comp,3,10,10 -20 12 -2 0,3,3,3,4,4,4,4
bang_dim=4_code=8185,8185,96,comp,4,11,11 -20 12 -2 0,4,4,4,4,4,4,4
bang_dim=4_code=8186,8186,192,comp,4,11,11 -21 12 -2 0,3,3,3,4,4,4,3
bang_dim=4_code=8187,8187,192,comp,3,12,12 -21 12 -2 0,4,4,4,4,4,4,3
bang_dim=4_code=8190,8190,96,comp,3,12,12 -22 12 -2 0,4,4,4,4,3,4,3
bang_dim=4_code=8191,8191,96,comp,4,13,13 -22 12 -2 0,3,3,3,4,4,3,2
bang_dim=4_code=15555,15555,8,comp,1,8,8 -16 12 -3 0,3,3,3,3,3,4,4
bang_dim=4_code=15559,15559,64,comp,4,9,9 -17 12 -3 0,4,4,4,4,4,5,4
bang_dim=4_code=15567,15567,32,comp,3,10,10 -19 13 -3 0,3,3,3,3,3,4,3
bang_dim=4_code=15575,15575,96,comp,3,10,10 -18 12 -3 0,4,4,4,4,4,5,4
bang_dim=4_code=15579,15579,96,comp,3,10,10 -19 13 -3 0,4,4,4,4,3,5,4
bang_dim=4_code=15583,15583,192,comp,4,11,11 -20 13 -3 0,4,4,4,4,4,5,3
bang_dim=4_code=15615,15615,48,comp,2,12,12 -22 14 -3 0,3,3,3,3,3,3,2
bang_dim=4_code=15830,15830,64,comp,3,10,10 -19 12 -3 0,4,4,4,4,4,7,5
bang_dim=4_code=15831,15831,64,comp,4,11,11 -19 12 -3 0,4,4,4,4,4,6,4
bang_dim=4_code=15834,15834,96,comp,3,10,10 -20 13 -3 0,4,4,4,4,4,6,4
bang_dim=4_code=15835,15835,192,comp,4,11,11 -20 13 -3 0,4,4,4,4,4,5,4
bang_dim=4_code=15838,15838,192,comp,4,11,11 -21 13 -3 0,4,4,4,4,4,6,4
bang_dim=4_code=15839,15839,192,comp,3,12,12 -21 13 -3 0,4,4,4,4,4,5,3
bang_dim=4_code=15853,15853,192,comp,4,11,11 -21 14 -3 0,4,4,4,4,4,5,3
bang_dim=4_code=15855,15855,192,comp,3,12,12 -22 14 -3 0,4,4,4,4,3,5,3
bang_dim=4_code=15869,15869,96,comp,3,12,12 -22 14 -3 0,3,3,3,3,3,4,2
bang_dim=4_code=15870,15870,192,comp,3,12,12 -23 14 -3 0,4,4,4,4,4,5,3
bang_dim=4_code=15871,15871,192,comp,4,13,13 -23 14 -3 0,4,4,4,4,4,4,2
bang_dim=4_code=16380,16380,16,comp,2,12,12 -24 15 -3 0,3,3,3,3,2,3,2
bang_dim=4_code=16381,16381,64,comp,4,13,13 -24 15 -3 0,4,4,4,4,4,4,2
bang_dim=4_code=16383,16383,32,comp,3,14,14 -25 15 -3 0,3,3,3,3,3,3,1
bang_dim=4_code=27030,27030,2,iso,1,8,8 -16 12 -4 0,4,4,4,4,4,8,8
bang_dim=4_code=27031,27031,16,iso,4,9,9 -16 12 -4 0,4,4,4,4,4,8,7
bang_dim=4_code=27039,27039,48,comp,3,10,10 -18 13 -4 0,4,4,4,4,4,7,6
bang_dim=4_code=27071,27071,64,comp,4,11,11 -20 14 -4 0,4,4,4,4,4,7,5
bang_dim=4_code=27135,27135,16,comp,2,12,12 -22 15 -4 0,4,4,4,4,4,5,4
bang_dim=4_code=27581,27581,16,iso,4,11,11 -21 15 -4 0,4,4,4,4,4,7,5
bang_dim=4_code=27583,27583,16,iso,3,12,12 -22 15 -4 0,4,4,4,4,4,7,4
bang_dim=4_code=27606,27606,8,iso,3,10,10 -20 14 -4 0,4,4,4,4,4,8,6
bang_dim=4_code=27607,27607,48,comp,4,11,11 -20 14 -4 0,4,4,4,4,4,6,5
bang_dim=4_code=27615,27615,96,comp,3,12,12 -22 15 -4 0,4,4,4,4,4,6,4
bang_dim=4_code=27645,27645,64,comp,3,12,12 -23 16 -4 0,4,4,4,4,4,6,4
bang_dim=4_code=27647,27647,64,comp,4,13,13 -24 16 -4 0,4,4,4,4,4,5,3
bang_dim=4_code=28662,28662,12,comp,2,12,12 -24 16 -4 0,4,4,4,4,4,4,4
bang_dim=4_code=28663,28663,48,comp,4,13,13 -24 16 -4 0,4,4,4,4,4,5,3
bang_dim=4_code=28665,28665,24,comp,2,12,12 -24 17 -4 0,4,4,4,4,3,5,4
bang_dim=4_code=28667,28667,96,comp,4,13,13 -25 17 -4 0,4,4,4,4,4,5,3
bang_dim=4_code=28671,28671,48,comp,3,14,14 -26 17 -4 0,4,4,4,4,4,4,2
bang_dim=4_code=32511,32511,32,comp,3,14,14 -27 18 -4 0,4,4,4,4,3,4,2
bang_dim=4_code=32766,32766,8,iso,3,14,14 -28 18 -4 0,4,4,4,4,4,4,2
bang_dim=4_code=32767,32767,16,iso,4,15,15 -28 18 -4 0,4,4,4,4,4,4,1
bang_dim=4_code=65535,65535,1,iso,0,16,16 -32 24 -8 1,0,0,0,0,0,1,0
